location_id,borough,zone,service_zone
1,Unknown,Zone 1,Unknown
2,Unknown,Zone 2,Unknown
3,Unknown,Zone 3,Unknown
4,Unknown,Zone 4,Unknown
5,Unknown,Zone 5,Unknown
6,Unknown,Zone 6,Unknown
7,Unknown,Zone 7,Unknown
8,Unknown,Zone 8,Unknown
9,Unknown,Zone 9,Unknown
10,Unknown,Zone 10,Unknown
11,Unknown,Zone 11,Unknown
12,Unknown,Zone 12,Unknown
13,Unknown,Zone 13,Unknown
14,Unknown,Zone 14,Unknown
15,Unknown,Zone 15,Unknown
16,Unknown,Zone 16,Unknown
17,Unknown,Zone 17,Unknown
18,Unknown,Zone 18,Unknown
19,Unknown,Zone 19,Unknown
20,Unknown,Zone 20,Unknown
21,Unknown,Zone 21,Unknown
22,Unknown,Zone 22,Unknown
23,Unknown,Zone 23,Unknown
24,Unknown,Zone 24,Unknown
25,Unknown,Zone 25,Unknown
26,Unknown,Zone 26,Unknown
27,Unknown,Zone 27,Unknown
28,Unknown,Zone 28,Unknown
29,Unknown,Zone 29,Unknown
30,Unknown,Zone 30,Unknown
31,Unknown,Zone 31,Unknown
32,Unknown,Zone 32,Unknown
33,Unknown,Zone 33,Unknown
34,Unknown,Zone 34,Unknown
35,Unknown,Zone 35,Unknown
36,Unknown,Zone 36,Unknown
37,Unknown,Zone 37,Unknown
38,Unknown,Zone 38,Unknown
39,Unknown,Zone 39,Unknown
40,Unknown,Zone 40,Unknown
41,Unknown,Zone 41,Unknown
42,Unknown,Zone 42,Unknown
43,Unknown,Zone 43,Unknown
44,Unknown,Zone 44,Unknown
45,Unknown,Zone 45,Unknown
46,Unknown,Zone 46,Unknown
47,Unknown,Zone 47,Unknown
48,Unknown,Zone 48,Unknown
49,Unknown,Zone 49,Unknown
50,Unknown,Zone 50,Unknown
51,Unknown,Zone 51,Unknown
52,Unknown,Zone 52,Unknown
53,Unknown,Zone 53,Unknown
54,Unknown,Zone 54,Unknown
55,Unknown,Zone 55,Unknown
56,Unknown,Zone 56,Unknown
57,Unknown,Zone 57,Unknown
58,Unknown,Zone 58,Unknown
59,Unknown,Zone 59,Unknown
60,Unknown,Zone 60,Unknown
61,Unknown,Zone 61,Unknown
62,Unknown,Zone 62,Unknown
63,Unknown,Zone 63,Unknown
64,Unknown,Zone 64,Unknown
65,Unknown,Zone 65,Unknown
66,Unknown,Zone 66,Unknown
67,Unknown,Zone 67,Unknown
68,Unknown,Zone 68,Unknown
69,Unknown,Zone 69,Unknown
70,Unknown,Zone 70,Unknown
71,Unknown,Zone 71,Unknown
72,Unknown,Zone 72,Unknown
73,Unknown,Zone 73,Unknown
74,Unknown,Zone 74,Unknown
75,Unknown,Zone 75,Unknown
76,Unknown,Zone 76,Unknown
77,Unknown,Zone 77,Unknown
78,Unknown,Zone 78,Unknown
79,Unknown,Zone 79,Unknown
80,Unknown,Zone 80,Unknown
81,Unknown,Zone 81,Unknown
82,Unknown,Zone 82,Unknown
83,Unknown,Zone 83,Unknown
84,Unknown,Zone 84,Unknown
85,Unknown,Zone 85,Unknown
86,Unknown,Zone 86,Unknown
87,Unknown,Zone 87,Unknown
88,Unknown,Zone 88,Unknown
89,Unknown,Zone 89,Unknown
90,Unknown,Zone 90,Unknown
91,Unknown,Zone 91,Unknown
92,Unknown,Zone 92,Unknown
93,Unknown,Zone 93,Unknown
94,Unknown,Zone 94,Unknown
95,Unknown,Zone 95,Unknown
96,Unknown,Zone 96,Unknown
97,Unknown,Zone 97,Unknown
98,Unknown,Zone 98,Unknown
99,Unknown,Zone 99,Unknown
100,Unknown,Zone 100,Unknown
101,Unknown,Zone 101,Unknown
102,Unknown,Zone 102,Unknown
103,Unknown,Zone 103,Unknown
104,Unknown,Zone 104,Unknown
105,Unknown,Zone 105,Unknown
106,Unknown,Zone 106,Unknown
107,Unknown,Zone 107,Unknown
108,Unknown,Zone 108,Unknown
109,Unknown,Zone 109,Unknown
110,Unknown,Zone 110,Unknown
111,Unknown,Zone 111,Unknown
112,Unknown,Zone 112,Unknown
113,Unknown,Zone 113,Unknown
114,Unknown,Zone 114,Unknown
115,Unknown,Zone 115,Unknown
116,Unknown,Zone 116,Unknown
117,Unknown,Zone 117,Unknown
118,Unknown,Zone 118,Unknown
119,Unknown,Zone 119,Unknown
120,Unknown,Zone 120,Unknown
121,Unknown,Zone 121,Unknown
122,Unknown,Zone 122,Unknown
123,Unknown,Zone 123,Unknown
124,Unknown,Zone 124,Unknown
125,Unknown,Zone 125,Unknown
126,Unknown,Zone 126,Unknown
127,Unknown,Zone 127,Unknown
128,Unknown,Zone 128,Unknown
129,Unknown,Zone 129,Unknown
130,Unknown,Zone 130,Unknown
131,Unknown,Zone 131,Unknown
132,Unknown,Zone 132,Unknown
133,Unknown,Zone 133,Unknown
134,Unknown,Zone 134,Unknown
135,Unknown,Zone 135,Unknown
136,Unknown,Zone 136,Unknown
137,Unknown,Zone 137,Unknown
138,Unknown,Zone 138,Unknown
139,Unknown,Zone 139,Unknown
140,Unknown,Zone 140,Unknown
141,Unknown,Zone 141,Unknown
142,Unknown,Zone 142,Unknown
143,Unknown,Zone 143,Unknown
144,Unknown,Zone 144,Unknown
145,Unknown,Zone 145,Unknown
146,Unknown,Zone 146,Unknown
147,Unknown,Zone 147,Unknown
148,Unknown,Zone 148,Unknown
149,Unknown,Zone 149,Unknown
150,Unknown,Zone 150,Unknown
151,Unknown,Zone 151,Unknown
152,Unknown,Zone 152,Unknown
153,Unknown,Zone 153,Unknown
154,Unknown,Zone 154,Unknown
155,Unknown,Zone 155,Unknown
156,Unknown,Zone 156,Unknown
157,Unknown,Zone 157,Unknown
158,Unknown,Zone 158,Unknown
159,Unknown,Zone 159,Unknown
160,Unknown,Zone 160,Unknown
161,Unknown,Zone 161,Unknown
162,Unknown,Zone 162,Unknown
163,Unknown,Zone 163,Unknown
164,Unknown,Zone 164,Unknown
165,Unknown,Zone 165,Unknown
166,Unknown,Zone 166,Unknown
167,Unknown,Zone 167,Unknown
168,Unknown,Zone 168,Unknown
169,Unknown,Zone 169,Unknown
170,Unknown,Zone 170,Unknown
171,Unknown,Zone 171,Unknown
172,Unknown,Zone 172,Unknown
173,Unknown,Zone 173,Unknown
174,Unknown,Zone 174,Unknown
175,Unknown,Zone 175,Unknown
176,Unknown,Zone 176,Unknown
177,Unknown,Zone 177,Unknown
178,Unknown,Zone 178,Unknown
179,Unknown,Zone 179,Unknown
180,Unknown,Zone 180,Unknown
181,Unknown,Zone 181,Unknown
182,Unknown,Zone 182,Unknown
183,Unknown,Zone 183,Unknown
184,Unknown,Zone 184,Unknown
185,Unknown,Zone 185,Unknown
186,Unknown,Zone 186,Unknown
187,Unknown,Zone 187,Unknown
188,Unknown,Zone 188,Unknown
189,Unknown,Zone 189,Unknown
190,Unknown,Zone 190,Unknown
191,Unknown,Zone 191,Unknown
192,Unknown,Zone 192,Unknown
193,Unknown,Zone 193,Unknown
194,Unknown,Zone 194,Unknown
195,Unknown,Zone 195,Unknown
196,Unknown,Zone 196,Unknown
197,Unknown,Zone 197,Unknown
198,Unknown,Zone 198,Unknown
199,Unknown,Zone 199,Unknown
200,Unknown,Zone 200,Unknown
201,Unknown,Zone 201,Unknown
202,Unknown,Zone 202,Unknown
203,Unknown,Zone 203,Unknown
204,Unknown,Zone 204,Unknown
205,Unknown,Zone 205,Unknown
206,Unknown,Zone 206,Unknown
207,Unknown,Zone 207,Unknown
208,Unknown,Zone 208,Unknown
209,Unknown,Zone 209,Unknown
210,Unknown,Zone 210,Unknown
211,Unknown,Zone 211,Unknown
212,Unknown,Zone 212,Unknown
213,Unknown,Zone 213,Unknown
214,Unknown,Zone 214,Unknown
215,Unknown,Zone 215,Unknown
216,Unknown,Zone 216,Unknown
217,Unknown,Zone 217,Unknown
218,Unknown,Zone 218,Unknown
219,Unknown,Zone 219,Unknown
220,Unknown,Zone 220,Unknown
221,Unknown,Zone 221,Unknown
222,Unknown,Zone 222,Unknown
223,Unknown,Zone 223,Unknown
224,Unknown,Zone 224,Unknown
225,Unknown,Zone 225,Unknown
226,Unknown,Zone 226,Unknown
227,Unknown,Zone 227,Unknown
228,Unknown,Zone 228,Unknown
229,Unknown,Zone 229,Unknown
230,Unknown,Zone 230,Unknown
231,Unknown,Zone 231,Unknown
232,Unknown,Zone 232,Unknown
233,Unknown,Zone 233,Unknown
234,Unknown,Zone 234,Unknown
235,Unknown,Zone 235,Unknown
236,Unknown,Zone 236,Unknown
237,Unknown,Zone 237,Unknown
238,Unknown,Zone 238,Unknown
239,Unknown,Zone 239,Unknown
240,Unknown,Zone 240,Unknown
241,Unknown,Zone 241,Unknown
242,Unknown,Zone 242,Unknown
243,Unknown,Zone 243,Unknown
244,Unknown,Zone 244,Unknown
245,Unknown,Zone 245,Unknown
246,Unknown,Zone 246,Unknown
247,Unknown,Zone 247,Unknown
248,Unknown,Zone 248,Unknown
249,Unknown,Zone 249,Unknown
250,Unknown,Zone 250,Unknown
251,Unknown,Zone 251,Unknown
252,Unknown,Zone 252,Unknown
253,Unknown,Zone 253,Unknown
254,Unknown,Zone 254,Unknown
255,Unknown,Zone 255,Unknown
256,Unknown,Zone 256,Unknown
257,Unknown,Zone 257,Unknown
258,Unknown,Zone 258,Unknown
259,Unknown,Zone 259,Unknown
260,Unknown,Zone 260,Unknown
261,Unknown,Zone 261,Unknown
262,Unknown,Zone 262,Unknown
263,Unknown,Zone 263,Unknown
264,Unknown,Zone 264,Unknown
265,Unknown,Zone 265,Unknown
